{"cameraMode":{"drawMode":0,"name":"Shaded","section":"Shading Mode"},"sceneLighting":true,"audioPlay":false,"sceneViewState":{"m_AlwaysRefresh":false,"showFog":true,"showSkybox":true,"showFlares":true,"showImageEffects":true,"showParticleSystems":true,"showVisualEffectGraphs":true,"m_FxEnabled":true},"in2DMode":false,"pivot":{"x":26.289514541625978,"y":9.43152904510498,"z":6.031188488006592},"rotation":{"x":0.28403520584106448,"y":0.0017220629379153252,"z":-0.0005101390997879207,"w":0.9588125944137573},"size":27.90264892578125,"orthographic":false}