{"cameraMode":{"drawMode":0,"name":"Shaded","section":"Shading Mode"},"sceneLighting":true,"audioPlay":false,"sceneViewState":{"m_AlwaysRefresh":false,"showFog":true,"showSkybox":true,"showFlares":true,"showImageEffects":true,"showParticleSystems":true,"showVisualEffectGraphs":true,"m_FxEnabled":true},"in2DMode":false,"pivot":{"x":17.190370559692384,"y":5.621829986572266,"z":31.084815979003908},"rotation":{"x":0.3381882905960083,"y":-0.08594202250242233,"z":0.031030524522066118,"w":0.9366345405578613},"size":32.11048889160156,"orthographic":false}