{"cameraMode":{"drawMode":0,"name":"Shaded","section":"Shading Mode"},"sceneLighting":true,"audioPlay":false,"sceneViewState":{"m_AlwaysRefresh":false,"showFog":true,"showSkybox":true,"showFlares":true,"showImageEffects":true,"showParticleSystems":true,"showVisualEffectGraphs":true,"m_FxEnabled":true},"in2DMode":false,"pivot":{"x":28.172075271606447,"y":8.10855484008789,"z":7.0688323974609379},"rotation":{"x":-0.34975504875183108,"y":0.0005596567061729729,"z":-0.00020896573550999165,"w":-0.9368414878845215},"size":27.52165985107422,"orthographic":false}