{"cameraMode":{"drawMode":0,"name":"Shaded","section":"Shading Mode"},"sceneLighting":true,"audioPlay":false,"sceneViewState":{"m_AlwaysRefresh":false,"showFog":true,"showSkybox":true,"showFlares":true,"showImageEffects":true,"showParticleSystems":true,"showVisualEffectGraphs":true,"m_FxEnabled":true},"in2DMode":false,"pivot":{"x":29.757217407226564,"y":3.7973403930664064,"z":12.826395988464356},"rotation":{"x":-0.22867776453495027,"y":0.19329513609409333,"z":-0.04637564346194267,"w":-0.9530074596405029},"size":11.319624900817871,"orthographic":false}